{
  "todos": [
    {
      "userId": 1,
      "id": 2,
      "title": "quis ut nam facilis et officia qui",
      "completed": false
    },
    {
      "userId": 1,
      "id": 4,
      "title": "et porro tempora",
      "completed": true
    },
    {
      "userId": 1,
      "id": 6,
      "title": "qui ullam ratione quibusdam voluptatem quia omnis",
      "completed": false
    },
    {
      "userId": 1,
      "id": 8,
      "title": "quo adipisci enim quam ut ab",
      "completed": true
    },
    {
      "userId": 1,
      "id": 9,
      "title": "molestiae perspiciatis ipsa",
      "completed": false
    },
    {
      "userId": 1,
      "id": 10,
      "title": "illo est ratione doloremque quia maiores aut",
      "completed": true
    },
    {
      "userId": 1,
      "id": 11,
      "title": "vero rerum temporibus dolor",
      "completed": true
    },
    {
      "userId": 1,
      "id": 13,
      "title": "et doloremque nulla",
      "completed": false
    },
    {
      "userId": 1,
      "id": 14,
      "title": "repellendus sunt dolores architecto voluptatum",
      "completed": true
    },
    {
      "userId": 1,
      "id": 15,
      "title": "ab voluptatum amet voluptas",
      "completed": true
    },
    {
      "userId": 1,
      "title": "hey",
      "completed": false,
      "id": 16
    }
  ]
}